NAME,TEAM,POS,P+R,P+A,P+R+A,VI,ORtg,DRtg,TS%,eFG%,USG%,TO%
A.J. Lawson,Dal,G,4.4,3.7,4.9,6.7,104.7,111.8,0.519,0.5,20.0,10.3
AJ Green,Mil,G,5.6,5.0,6.2,4.9,121.6,112.6,0.617,0.599,15.2,5.8
AJ Griffin,Atl,F,3.3,2.7,3.6,4.1,77.0,121.7,0.382,0.371,17.3,11.4
Aaron Gordon,Den,F,20.3,17.4,23.9,8.6,124.2,111.3,0.607,0.584,17.8,12.8
Aaron Holiday,Hou,G,8.2,8.4,10.0,6.5,117.0,108.4,0.578,0.547,16.7,11.3
Aaron Nesmith,Ind,G-F,16.0,13.7,17.5,5.9,122.0,110.7,0.63,0.606,15.9,9.2
Aaron Wiggins,Okc,G,9.3,8.1,10.4,6.7,124.9,109.4,0.664,0.645,16.4,12.9
Adam Flagler,Okc,G,1.5,3.5,3.5,0.0,78.4,123.7,0.214,0.214,21.7,0.0
Adama Sanogo,Chi,F,8.0,4.0,8.0,0.0,116.4,109.2,0.558,0.519,24.9,15.5
Admiral Schofield,Orl,F,1.9,1.4,2.2,6.6,0.0,0.0,0.484,0.5,16.5,16.1
Al Horford,Bos,C-F,15.0,11.2,17.6,7.8,134.3,108.4,0.65,0.64,12.0,10.3
Alec Burks,Det,G,15.1,14.1,16.7,7.2,118.3,116.0,0.581,0.516,23.5,7.3
Aleksej Pokusevski,Cha,F,11.8,9.1,13.5,7.9,111.4,116.0,0.552,0.505,17.6,13.2
Alex Caruso,Chi,G,13.9,13.5,17.4,7.1,119.2,109.4,0.613,0.593,14.7,15.9
Alex Fudge,Dal,F,7.0,5.5,7.0,0.0,113.6,112.6,0.611,0.611,16.6,10.0
Alex Len,Sac,C,5.2,3.5,6.2,8.1,122.4,101.7,0.625,0.617,11.8,24.9
Alondes Williams,Mia,G,0.9,0.7,0.9,0.0,0.0,0.0,0.296,0.25,29.9,19.2
Alperen Sengun,Hou,C,30.5,26.1,35.4,12.3,117.7,104.0,0.585,0.553,27.0,14.2
Amari Bailey,Cha,G,3.2,3.0,3.9,7.0,96.3,122.0,0.425,0.354,21.3,14.1
Amen Thompson,Hou,G-F,16.1,12.2,18.8,9.8,117.3,103.3,0.576,0.545,18.5,16.8
Amir Coffey,Lac,G-F,8.7,7.7,9.8,4.7,122.0,113.4,0.604,0.571,12.5,8.6
Andre Drummond,Chi,C,17.4,8.9,17.8,7.9,118.0,101.3,0.576,0.556,21.3,14.4
Andre Jackson Jr.,Mil,G,4.2,3.1,5.1,6.3,118.8,102.3,0.596,0.585,10.0,21.8
Andrew Funk,Chi,G,0.0,0.0,0.0,0.0,0.0,0.0,0.0,0.0,13.1,0.0
Andrew Nembhard,Ind,G-F,11.3,13.3,15.4,6.9,113.9,115.8,0.573,0.557,16.0,16.2
Andrew Wiggins,Gol,F,17.7,14.9,19.4,6.9,111.1,112.0,0.544,0.511,20.9,10.0
Anfernee Simons,Por,G,26.2,28.1,31.8,8.9,113.4,117.3,0.568,0.523,28.0,13.1
Anthony Black,Orl,G,6.6,5.9,7.9,5.4,107.7,105.9,0.56,0.54,12.7,18.5
Anthony Davis,Lal,C,37.3,28.2,40.8,11.6,124.0,107.6,0.621,0.567,26.7,11.0
Anthony Edwards,Min,G,31.4,31.1,36.5,10.2,112.1,107.3,0.575,0.522,32.3,13.4
Anthony Gill,Was,F,5.7,4.5,6.3,7.4,109.0,113.6,0.537,0.5,18.0,12.5
Armoni Brooks,Bro,G,6.0,4.7,6.5,6.0,100.5,119.1,0.448,0.446,20.4,4.1
Ashton Hagans,Por,G-F,6.6,7.1,9.4,7.3,98.7,108.4,0.51,0.465,14.6,29.6
Ausar Thompson,Det,F,15.2,10.7,17.1,7.6,106.2,108.5,0.522,0.505,16.6,14.9
Austin Reaves,Lal,G,20.1,21.3,25.6,9.0,118.8,113.1,0.613,0.568,20.3,15.7
Ayo Dosunmu,Chi,G,15.0,15.3,18.2,6.6,118.4,113.8,0.604,0.583,17.2,12.5
Bam Adebayo,Mia,C,29.7,23.2,33.6,10.8,114.7,104.9,0.576,0.529,24.9,13.7
Ben Sheppard,Ind,G,6.0,5.4,6.9,5.2,111.5,112.2,0.524,0.5,13.1,6.1
Ben Simmons,Bro,G,14.1,11.9,19.8,10.9,120.2,105.2,0.571,0.581,13.0,26.7
Bennedict Mathurin,Ind,F,18.5,16.5,20.5,7.5,109.6,116.0,0.562,0.507,23.4,12.8
Bilal Coulibaly,Was,G,12.5,10.2,14.3,5.7,102.6,115.9,0.543,0.509,14.2,16.8
Bismack Biyombo,Mem,C,11.6,6.9,13.3,6.4,107.7,105.6,0.56,0.563,10.6,24.2
Blake Wesley,San,G,5.9,7.1,8.7,7.3,110.2,110.8,0.537,0.502,14.7,20.3
Boban Marjanovic,Hou,C,5.5,3.6,5.9,11.2,111.6,104.4,0.56,0.529,27.1,12.7
Bobby Portis,Mil,F,21.2,15.0,22.5,8.3,114.6,106.1,0.581,0.562,22.8,9.0
Bogdan Bogdanovic,Atl,G,20.3,20.0,23.4,7.4,115.6,115.4,0.569,0.537,22.3,9.2
Bojan Bogdanovic,Det,F,23.5,22.7,26.1,6.8,110.4,117.3,0.6,0.569,24.7,12.9
Bol Bol,Pho,C-F,8.4,5.6,8.8,6.9,129.1,106.5,0.7,0.689,16.5,11.2
Bones Hyland,Lac,G,8.4,9.4,10.9,8.1,99.8,109.1,0.49,0.474,24.8,14.9
Bradley Beal,Pho,G,22.6,23.2,27.6,8.9,116.6,111.7,0.607,0.582,22.7,15.1
Brandin Podziemski,Gol,G,15.0,12.9,18.7,8.8,117.1,111.8,0.54,0.529,15.4,12.8
Brandon Boston Jr.,Lac,G,6.8,5.6,7.3,5.5,93.3,107.6,0.476,0.447,25.3,13.0
Brandon Clarke,Mem,F,16.7,12.8,18.2,8.0,114.0,111.8,0.548,0.568,20.8,4.8
Brandon Ingram,Nor,F,25.9,26.5,31.5,10.3,114.7,109.7,0.578,0.534,27.2,13.8
Brandon Miller,Cha,F,21.5,19.6,23.9,7.0,105.6,116.0,0.552,0.524,23.9,10.9
Brandon Williams,Dal,G,3.9,4.2,4.9,8.3,96.7,118.1,0.439,0.398,26.0,11.4
Braxton Key,Den,F,2.0,1.6,2.5,10.5,0.0,0.0,0.536,0.471,15.6,5.5
Brice Sensabaugh,Uta,F,10.7,9.3,12.4,7.5,98.5,116.1,0.511,0.468,20.3,17.7
Brook Lopez,Mil,C,17.7,14.1,19.3,6.2,120.6,111.5,0.608,0.583,16.0,9.5
Bruce Brown,Ind,G,16.7,15.1,19.8,7.5,115.2,114.0,0.568,0.527,16.7,11.5
Bruno Fernando,Atl,F-C,10.6,7.3,11.6,7.9,116.8,103.7,0.615,0.583,16.7,19.0
Bryce McGowens,Cha,G,6.8,6.0,7.7,5.3,111.4,115.8,0.565,0.513,14.9,11.5
Buddy Boeheim,Det,F,4.4,3.7,4.7,4.8,116.1,119.3,0.509,0.448,17.0,0.0
Buddy Hield,Phi,G,15.4,15.2,18.4,7.6,114.1,110.8,0.566,0.55,20.2,11.0
CJ McCollum,Nor,G,24.4,24.7,29.0,9.0,118.3,111.2,0.592,0.572,24.7,9.4
Cade Cunningham,Det,G,27.0,30.1,34.5,10.8,108.3,115.2,0.546,0.5,30.8,15.4
Caleb Houstan,Orl,G,5.7,4.8,6.2,4.2,119.2,109.4,0.582,0.563,12.5,7.2
Caleb Martin,Mia,F,14.4,12.2,16.6,6.7,107.3,108.1,0.531,0.504,17.3,12.1
Cam Reddish,Lal,F-G,7.5,6.4,8.5,4.4,101.9,112.1,0.504,0.468,12.7,11.7
Cam Thomas,Bro,G,25.7,25.4,28.6,7.6,110.3,114.5,0.554,0.503,30.5,9.4
Cam Whitmore,Hou,F,16.1,13.0,16.9,6.8,108.8,108.9,0.561,0.539,27.2,9.0
Cameron Johnson,Bro,F,17.7,15.8,20.1,7.5,118.1,113.0,0.582,0.557,19.6,8.4
Cameron Payne,Phi,G,11.0,12.4,14.1,7.7,110.6,110.7,0.533,0.514,21.8,11.9
Caris LeVert,Cle,G,18.1,19.1,23.2,9.2,110.0,109.7,0.524,0.487,23.1,12.5
Cason Wallace,Okc,G,9.1,8.3,10.6,5.6,122.1,109.9,0.612,0.602,12.9,9.2
Cedi Osman,San,F,9.3,8.4,10.9,7.0,115.5,112.0,0.601,0.591,15.1,10.9
Charles Bassey,San,C-F,7.3,4.4,8.4,9.0,125.0,100.4,0.739,0.725,11.8,27.1
Charlie Brown Jr.,Nyk,G,1.0,0.8,1.0,0.0,60.2,106.6,0.3,0.3,13.9,16.7
Chet Holmgren,Okc,C,24.5,19.0,26.9,9.2,122.0,105.9,0.632,0.598,21.7,12.1
Chimezie Metu,Det,F-C,16.5,12.4,18.4,6.7,108.9,111.5,0.596,0.557,15.4,17.9
Chris Boucher,Tor,F-C,10.6,6.9,11.0,6.7,122.9,110.4,0.625,0.578,17.3,11.4
Chris Duarte,Sac,G,5.7,4.6,6.4,5.6,105.5,107.0,0.512,0.486,14.9,11.0
Chris Livingston,Mil,F,2.2,1.5,2.5,5.8,101.3,100.1,0.547,0.523,13.7,18.3
Chris Paul,Gol,G,13.1,16.0,19.8,9.5,123.7,110.5,0.544,0.525,15.6,14.0
Christian Braun,Den,G,11.0,8.9,12.7,6.9,115.8,108.6,0.554,0.525,15.7,10.2
Christian Wood,Lal,F,12.0,7.9,13.0,7.5,106.7,107.3,0.568,0.532,17.6,15.9
Chuma Okeke,Orl,F,4.0,2.7,4.4,5.0,96.6,110.7,0.465,0.46,13.3,12.5
Clint Capela,Atl,C,22.1,12.7,23.3,8.2,126.1,111.1,0.59,0.571,17.3,10.7
Coby White,Chi,G,23.6,24.2,28.8,8.3,114.7,114.7,0.57,0.534,22.7,12.1
Cody Martin,Cha,F,11.4,11.3,15.1,7.1,96.6,116.2,0.46,0.444,16.1,17.0
Cody Zeller,Nor,F-C,4.4,2.7,5.3,8.7,118.2,99.6,0.483,0.427,12.9,20.4
Colby Jones,Sac,G,3.5,2.8,4.1,7.8,97.0,102.3,0.422,0.408,19.1,12.3
Cole Anthony,Orl,G,15.4,14.5,18.3,9.0,109.9,104.2,0.546,0.497,23.7,14.2
Cole Swider,Mia,F,2.7,2.6,3.0,5.4,91.3,113.2,0.54,0.526,24.1,17.2
Colin Castleton,Lal,C,2.3,1.7,2.4,6.7,0.0,0.0,0.644,0.563,15.8,15.4
Collin Gillespie,Den,G,4.5,4.8,5.6,6.5,109.1,105.5,0.586,0.572,17.1,16.8
Collin Sexton,Uta,G,21.3,23.6,26.2,9.3,122.1,117.9,0.607,0.549,27.5,13.7
Corey Kispert,Was,F,16.2,15.3,18.1,6.5,114.0,118.6,0.62,0.602,19.6,11.0
Cory Joseph,Gol,G,3.6,4.0,5.2,5.8,107.8,112.6,0.47,0.461,11.3,15.7
Craig Porter,Cle,G,7.7,7.9,10.0,9.5,113.7,109.8,0.564,0.535,20.2,16.5
D'Angelo Russell,Lal,G,21.1,24.3,27.4,8.6,116.2,113.2,0.588,0.56,22.9,12.6
D'Moi Hodge,Lal,G,2.0,2.7,2.7,0.0,97.1,112.1,0.441,0.433,17.6,6.2
D.J. Carton,Tor,G,3.8,3.5,4.5,5.9,119.8,115.6,0.539,0.438,13.5,10.7
D.J. Wilson,Phi,F,6.0,6.0,7.0,8.8,172.3,115.0,0.833,0.833,16.7,0.0
DaQuan Jeffries,Nyk,G-F,1.1,1.1,1.4,6.2,0.0,0.0,0.391,0.412,19.6,15.0
Daishen Nix,Min,G,2.0,2.2,2.4,6.4,0.0,0.0,0.507,0.5,28.1,17.1
Dalano Banton,Por,F,21.5,20.3,25.1,9.1,103.2,116.3,0.508,0.471,27.2,13.0
Dalen Terry,Chi,F,5.0,4.4,6.3,7.0,108.4,106.5,0.512,0.494,13.4,16.9
Damian Jones,Cle,C,4.3,3.1,4.7,7.0,124.5,105.2,0.659,0.618,15.4,15.2
Damian Lillard,Mil,G,28.7,31.3,35.7,10.3,120.0,114.3,0.59,0.51,28.4,13.1
Daniel Gafford,Dal,F-C,18.1,12.8,19.7,9.3,144.1,102.2,0.769,0.78,16.4,13.1
Daniel Theis,Lac,F-C,10.5,7.4,11.5,6.9,121.3,105.2,0.601,0.581,15.4,12.7
Danilo Gallinari,Det,F,11.0,10.7,13.0,9.2,169.8,112.0,0.799,0.705,16.0,4.3
Danny Green,Phi,G,1.0,0.5,1.5,0.0,33.1,112.0,0.0,0.0,4.7,0.0
Dante Exum,Dal,G,10.5,10.6,13.3,8.0,127.9,111.8,0.645,0.621,15.0,13.9
Danuel House Jr.,Phi,F-G,5.9,5.1,6.8,4.8,113.7,110.3,0.575,0.519,12.2,15.3
Dario Saric,Gol,F-C,12.5,10.3,14.7,10.1,118.2,106.4,0.6,0.562,19.5,16.7
Dariq Whitehead,Bro,F,3.5,3.0,5.0,5.5,83.5,121.1,0.255,0.2,10.6,0.0
Darius Bazley,Uta,F,12.5,8.8,13.3,5.2,124.2,121.0,0.7,0.655,12.1,19.2
Darius Garland,Cle,G,20.7,24.6,27.2,8.2,108.7,112.8,0.56,0.524,25.4,17.3
David Duke Jr.,San,G,9.0,7.8,10.3,8.6,121.9,111.2,0.673,0.639,18.3,14.0
David Roddy,Mem,F,12.6,10.0,14.1,6.6,98.4,112.8,0.485,0.462,18.1,12.3
Davion Mitchell,Sac,G,6.6,7.1,8.4,6.2,114.3,113.5,0.555,0.54,14.9,11.7
Davis Bertans,Cha,F,10.6,9.7,11.5,4.7,109.4,116.0,0.57,0.553,17.7,7.5
Day'Ron Sharpe,Bro,C,13.2,8.2,14.6,10.4,118.7,100.8,0.596,0.578,19.7,19.2
De'Aaron Fox,Sac,G,31.2,32.2,36.8,9.8,113.5,110.3,0.567,0.534,31.0,11.1
De'Andre Hunter,Atl,F,19.5,17.2,21.1,6.1,114.8,114.5,0.595,0.547,20.6,11.1
De'Anthony Melton,Phi,G,14.8,14.1,17.8,7.4,113.2,108.5,0.533,0.493,18.3,9.8
DeAndre Jordan,Den,C,8.3,4.7,9.0,8.3,120.0,98.7,0.61,0.624,15.4,19.8
DeJon Jarreau,Mem,G,9.7,7.7,12.6,9.8,93.2,104.8,0.392,0.38,18.3,15.2
DeMar DeRozan,Chi,F,28.3,29.3,33.6,8.7,122.6,115.5,0.584,0.507,25.8,9.1
Dean Wade,Cle,F,9.4,6.2,10.2,5.0,120.4,106.2,0.598,0.584,10.5,7.9
Deandre Ayton,Por,C,27.8,18.4,29.4,8.2,113.9,111.7,0.587,0.571,21.1,11.7
Dejounte Murray,Atl,G,27.8,28.9,34.2,10.2,113.8,117.2,0.555,0.528,26.6,12.1
Delon Wright,Mia,G,7.4,8.1,10.0,5.9,124.1,110.8,0.52,0.477,11.9,4.3
Deni Avdija,Was,F,21.9,18.5,25.7,9.8,112.5,113.5,0.597,0.56,20.2,16.6
Dennis Schroder,Bro,G,18.1,20.7,24.2,8.4,108.8,115.0,0.535,0.507,21.8,16.0
Dennis Smith Jr.,Bro,G,9.5,10.2,13.1,8.7,110.1,105.9,0.508,0.482,17.7,16.7
Dereck Lively II,Dal,C,15.7,9.9,16.7,6.9,137.9,105.5,0.728,0.747,12.6,14.4
Dereon Seabron,Nor,G,3.5,3.2,4.3,5.7,114.8,109.3,0.448,0.346,12.3,0.0
Derrick Jones Jr.,Dal,F,11.9,9.6,12.9,5.2,116.0,112.9,0.592,0.566,14.9,11.6
Derrick Rose,Mem,G,9.8,11.2,13.1,8.9,108.7,115.1,0.54,0.506,22.4,15.8
Derrick White,Bos,G,19.4,20.3,24.6,8.5,126.3,109.2,0.611,0.578,18.6,11.8
Desmond Bane,Mem,G,28.1,29.2,33.6,9.7,114.3,110.8,0.589,0.552,28.5,12.6
Devin Booker,Pho,G,31.6,34.0,38.5,10.5,123.9,110.6,0.611,0.55,29.8,12.0
Devin Vassell,San,G,23.3,23.5,27.4,8.1,113.4,117.7,0.578,0.55,23.5,9.3
Devonte' Graham,San,G,6.5,7.1,8.7,7.5,103.7,116.8,0.495,0.468,17.8,13.6
Dexter Dennis,Dal,G,7.8,6.5,8.8,12.4,100.2,113.3,0.541,0.553,33.4,13.5
Dillon Brooks,Hou,F,16.1,14.4,17.8,5.4,109.1,107.3,0.549,0.515,17.6,10.2
Dmytro Skapintsev,Nyk,C,0.0,0.0,0.0,0.0,0.0,0.0,0.0,0.0,20.5,0.0
Domantas Sabonis,Sac,C,33.1,27.6,41.3,14.5,126.3,106.4,0.637,0.609,22.2,20.4
Dominick Barlow,San,F,7.8,5.5,8.9,8.0,124.3,107.9,0.548,0.509,14.1,7.4
Donovan Mitchell,Cle,G,31.7,32.7,37.7,10.6,116.9,109.1,0.595,0.545,31.3,12.4
Donte DiVincenzo,Nyk,G,19.2,18.2,21.9,7.4,119.5,109.0,0.597,0.584,21.3,10.1
Dorian Finney-Smith,Bro,F,13.2,10.1,14.8,5.6,112.8,112.2,0.546,0.535,13.2,10.3
Doug McDermott,San,F,7.0,7.2,8.3,5.1,116.0,116.2,0.62,0.619,14.9,10.0
Draymond Green,Gol,F,15.9,14.7,21.9,10.6,115.0,104.0,0.587,0.566,15.3,26.6
Drew Eubanks,Pho,F-C,9.3,5.9,10.2,6.7,122.4,106.5,0.645,0.607,13.2,19.4
Drew Peterson,Bos,F,4.0,4.0,4.3,3.6,144.2,110.0,0.917,0.917,13.4,14.3
Dru Smith,Mia,G,5.9,5.9,7.4,6.1,118.0,104.6,0.576,0.561,13.3,13.0
Duncan Robinson,Mia,F,15.4,15.7,18.2,6.4,114.6,107.6,0.612,0.589,19.0,12.3
Duop Reath,Por,C,12.8,10.1,13.7,7.2,115.6,107.2,0.571,0.549,20.7,9.4
Dwight Powell,Dal,F-C,6.7,4.6,8.0,7.3,146.6,104.2,0.716,0.684,9.1,23.1
Dylan Windler,Atl,G-F,6.7,5.2,7.2,5.5,136.1,119.0,0.737,0.737,11.9,9.5
Dyson Daniels,Nor,G,9.7,8.5,12.4,7.1,112.9,106.9,0.529,0.514,12.6,15.9
E.J. Liddell,Nor,F,1.1,0.6,1.3,4.3,0.0,0.0,0.291,0.167,16.7,23.7
Emoni Bates,Cle,F,3.7,3.4,4.3,5.4,79.9,115.2,0.404,0.408,19.5,14.0
Eric Gordon,Pho,G,12.8,13.1,14.9,4.9,112.3,116.0,0.58,0.565,16.5,10.6
Eugene Omoruyi,Was,F,6.8,5.6,7.6,8.7,111.0,105.3,0.549,0.524,22.4,11.2
Evan Fournier,Det,G-F,9.0,8.7,10.6,6.0,99.9,113.7,0.482,0.45,18.6,9.0
Evan Mobley,Cle,C,25.1,18.9,28.3,10.2,121.6,104.1,0.626,0.6,20.6,14.0
Filip Petrusev,Sac,C,1.5,1.5,1.5,0.0,0.0,0.0,0.521,0.5,18.7,0.0
Frank Ntilikina,Cha,G,2.2,1.8,3.0,4.6,74.9,115.6,0.253,0.167,11.2,9.6
Franz Wagner,Orl,F,25.0,23.5,28.8,9.0,115.7,107.2,0.575,0.525,25.7,11.1
Fred VanVleet,Hou,G,21.2,25.5,29.3,8.8,123.2,111.1,0.568,0.527,19.7,11.0
Furkan Korkmaz,Phi,G-F,3.4,3.2,4.1,5.4,107.9,112.8,0.519,0.487,13.6,11.6
GG Jackson,Mem,F,18.6,15.8,19.9,6.5,107.2,114.4,0.554,0.519,24.2,10.3
Gabe Vincent,Lal,G,3.9,5.0,5.8,3.4,86.0,111.6,0.341,0.337,10.9,9.2
Garrett Temple,Tor,G-F,4.9,4.3,6.0,6.6,106.9,112.4,0.502,0.449,15.0,15.2
Garrison Mathews,Atl,G,6.3,5.5,6.9,4.3,130.5,112.6,0.665,0.644,11.1,7.7
Gary Harris,Orl,G,8.6,8.5,10.2,4.4,119.5,109.1,0.587,0.569,11.7,9.4
Gary Payton II,Gol,G,8.0,6.5,9.1,6.5,122.0,106.1,0.621,0.617,13.6,12.8
Gary Trent Jr.,Tor,G-F,16.4,15.4,18.0,5.6,110.1,118.3,0.548,0.531,20.0,5.3
Georges Niang,Cle,F,12.8,10.6,14.0,6.0,109.2,105.8,0.583,0.567,17.6,10.2
Giannis Antetokounmpo,Mil,F,42.0,37.0,48.5,14.9,125.6,106.9,0.648,0.623,33.0,15.4
Goga Bitadze,Orl,C-F,9.6,6.3,10.9,8.1,127.0,101.2,0.629,0.608,13.3,17.4
Gordon Hayward,Cha,F,19.2,19.1,23.8,8.5,109.0,117.5,0.544,0.505,21.3,14.6
Gradey Dick,Tor,G,10.7,9.6,11.8,5.2,105.3,116.7,0.546,0.524,17.4,10.1
Grant Williams,Cha,F,19.0,17.1,22.2,8.0,116.2,113.2,0.618,0.585,19.0,16.3
Grayson Allen,Pho,G,17.4,16.5,20.5,6.5,129.7,113.0,0.679,0.649,14.5,12.2
Greg Brown III,Dal,F,4.0,3.2,4.7,8.4,96.0,106.5,0.501,0.5,20.4,26.3
Gui Santos,Gol,F,5.7,4.2,6.3,7.9,134.0,105.6,0.656,0.6,15.2,11.2
Hamidou Diallo,Was,G,2.0,1.5,2.5,13.2,0.0,0.0,0.5,0.5,26.3,33.3
Harrison Barnes,Sac,F,15.2,13.4,16.4,4.9,122.1,116.9,0.611,0.576,15.7,7.2
Harry Giles III,Bro,F-C,5.0,3.8,5.4,10.2,106.4,99.1,0.543,0.534,30.3,13.7
Haywood Highsmith,Mia,F,9.3,7.2,10.4,5.4,118.2,106.0,0.587,0.581,12.4,9.4
Henri Drell,Chi,F,3.8,3.8,4.8,7.5,102.5,96.0,0.506,0.5,18.9,16.4
Herbert Jones,Nor,G,14.6,13.6,17.2,6.1,124.0,106.7,0.636,0.595,14.1,13.6
Hunter Tyson,Den,F,1.6,1.2,1.7,5.6,0.0,0.0,0.5,0.5,20.0,9.1
Ibou Badji,Por,C,3.9,2.1,4.5,4.9,102.0,99.6,0.623,0.636,8.0,40.3
Immanuel Quickley,Tor,G,23.4,25.3,30.1,10.2,117.6,116.2,0.564,0.518,23.4,11.1
Isaac Okoro,Cle,F,12.4,11.3,14.3,5.5,120.7,110.3,0.599,0.577,13.9,10.1
Isaiah Hartenstein,Nyk,C-F,16.1,10.3,18.6,8.6,133.2,101.2,0.67,0.645,12.0,20.3
Isaiah Jackson,Ind,F,10.4,7.2,11.2,8.5,134.0,101.5,0.689,0.665,17.2,14.3
Isaiah Joe,Okc,G,10.5,9.4,11.7,6.3,120.8,111.7,0.626,0.609,16.7,8.8
Isaiah Livers,Det,F,7.0,6.0,8.1,4.4,96.1,114.3,0.46,0.44,12.7,12.1
Isaiah Mobley,Cle,F,3.3,2.9,3.9,6.2,102.4,108.8,0.471,0.479,16.2,7.7
Isaiah Stewart,Det,F,17.6,12.5,19.2,6.3,113.3,115.3,0.6,0.575,14.5,14.7
Isaiah Thomas,Pho,G,1.3,1.8,1.8,0.0,0.0,0.0,0.4,0.4,22.3,0.0
Isaiah Wong,Ind,G,2.0,2.0,2.0,0.0,69.6,128.9,0.333,0.333,29.2,0.0
Ish Smith,Cha,G,5.0,6.6,8.4,6.3,97.3,118.1,0.435,0.43,12.3,22.9
Ish Wainright,Por,F,4.1,2.9,4.1,0.0,106.2,109.4,0.53,0.5,18.4,5.1
Ivica Zubac,Lac,C,20.9,13.0,22.3,8.1,131.7,106.0,0.671,0.649,16.4,13.2
Izaiah Brockington,Nor,G,6.0,4.0,6.0,0.0,0.0,0.0,0.4,0.4,64.0,0.0
JD Davison,Bos,G,3.3,3.3,4.5,12.3,133.2,102.3,0.581,0.542,17.6,14.0
JT Thor,Cha,F,5.5,3.6,5.9,5.0,110.1,116.1,0.519,0.514,11.7,7.6
Ja Morant,Mem,G,30.7,33.2,38.8,11.8,116.1,112.9,0.57,0.512,30.4,13.7
JaVale McGee,Sac,C-F,6.8,4.4,7.1,8.8,108.0,100.4,0.609,0.602,23.4,20.5
Jabari Smith Jr.,Hou,F,21.8,15.3,23.4,7.0,115.8,107.3,0.571,0.537,17.6,9.6
Jabari Walker,Por,F,15.9,9.8,16.9,6.8,113.6,108.5,0.546,0.5,16.3,11.5
Jack White,Mem,F,4.5,1.8,4.8,2.8,54.1,112.2,0.188,0.188,12.1,11.1
Jacob Gilyard,Mem,G,5.8,8.2,9.4,6.1,124.8,115.0,0.597,0.594,11.4,16.7
Jacob Toppin,Nyk,F,2.2,1.8,2.6,6.6,138.8,110.7,0.658,0.611,12.3,9.6
Jaden Hardy,Dal,G,9.1,8.8,10.5,7.9,102.9,111.4,0.517,0.492,24.9,11.5
Jaden Ivey,Det,G,18.8,19.2,22.7,8.1,104.4,114.1,0.536,0.492,24.9,16.3
Jaden McDaniels,Min,F,13.6,11.9,15.0,4.9,107.8,103.5,0.571,0.557,15.7,12.2
Jaden Springer,Phi,G,5.8,5.1,6.9,6.8,99.7,103.4,0.481,0.424,18.2,18.0
Jae Crowder,Mil,F,9.5,7.6,10.8,5.1,114.4,112.6,0.546,0.53,11.5,7.8
Jae'Sean Tate,Hou,F,7.1,5.1,8.1,5.8,111.4,102.5,0.538,0.522,11.7,13.9
Jahmi'us Ramsey,Tor,G,9.9,7.9,11.0,6.6,101.6,111.5,0.538,0.512,17.8,14.5
Jaime Jaquez Jr.,Mia,G,15.6,14.5,18.2,6.9,112.4,107.2,0.574,0.536,18.7,13.6
Jake LaRavia,Mem,F,14.5,12.5,16.1,7.1,109.0,110.4,0.54,0.477,21.1,12.9
Jakob Poeltl,Tor,C,19.7,13.6,22.2,9.4,123.8,107.9,0.653,0.656,16.2,16.9
Jalen Brunson,Nyk,G,32.3,35.5,39.1,10.0,124.2,112.6,0.592,0.543,32.5,10.1
Jalen Crutcher,Nor,G,0.0,0.0,0.0,0.0,0.0,0.0,0.0,0.0,16.1,0.0
Jalen Duren,Det,C,25.4,16.2,27.8,10.0,121.1,107.3,0.653,0.619,18.5,18.6
Jalen Green,Hou,G,24.8,23.2,28.3,8.9,106.6,112.9,0.541,0.498,27.5,12.6
Jalen Hood-Schifino,Lal,G,2.2,2.0,2.6,5.6,66.3,106.9,0.316,0.244,24.8,16.6
Jalen Johnson,Atl,F,24.7,19.6,28.3,9.4,116.1,112.6,0.584,0.562,19.1,12.6
Jalen McDaniels,Tor,F-C,5.0,4.1,5.7,5.8,85.5,112.2,0.412,0.376,18.7,13.7
Jalen Pickett,Den,G,2.1,2.3,2.9,7.7,109.2,106.4,0.571,0.557,16.4,20.3
Jalen Slawson,Sac,F,1.3,0.8,1.4,5.7,0.0,0.0,0.667,0.667,9.2,25.0
Jalen Smith,Ind,F-C,15.4,10.9,16.4,8.8,132.7,108.8,0.682,0.67,19.4,10.0
Jalen Suggs,Orl,G,15.6,15.3,18.4,7.0,112.9,103.8,0.602,0.578,19.7,15.6
Jalen Williams,Okc,F,23.1,23.6,27.6,9.0,121.7,109.1,0.621,0.592,23.7,11.0
Jalen Wilson,Bro,F,8.0,6.0,9.1,6.4,117.2,113.0,0.537,0.492,14.3,9.6
Jamal Cain,Mia,F,5.2,4.1,5.5,5.1,111.9,106.7,0.544,0.5,16.7,9.2
Jamal Murray,Den,G,25.3,27.7,31.8,10.5,119.1,112.3,0.586,0.554,27.9,11.2
Jamaree Bouyea,San,G,6.7,4.7,7.7,7.1,141.0,98.8,0.786,0.786,9.0,12.5
James Bouknight,Cha,G,4.2,4.0,4.6,6.6,115.8,121.8,0.597,0.598,24.0,4.6
James Harden,Lac,G,21.7,25.1,30.2,10.5,125.2,113.6,0.612,0.541,20.6,18.4
James Johnson,Ind,F,1.3,1.8,2.2,5.3,79.2,100.1,0.368,0.3,14.1,32.4
James Wiseman,Det,C,12.4,7.9,13.3,7.5,118.2,107.6,0.637,0.613,16.3,17.8
Jarace Walker,Ind,F,5.5,4.8,6.8,7.8,108.3,112.7,0.527,0.509,16.1,13.3
Jared Butler,Was,G,7.7,9.4,10.9,8.8,110.8,113.4,0.579,0.547,19.9,19.9
Jared Rhoden,Det,G,6.8,5.7,7.6,5.4,114.8,111.3,0.597,0.591,13.3,9.6
Jaren Jackson Jr.,Mem,F,28.0,24.8,30.4,8.2,106.8,106.3,0.553,0.495,30.4,12.1
Jarred Vanderbilt,Lal,F,9.9,6.4,11.2,6.2,113.1,107.9,0.578,0.553,11.7,19.7
Jarrett Allen,Cle,C,27.0,19.2,29.8,9.8,130.9,107.7,0.664,0.634,19.4,12.9
Jason Preston,Uta,G,4.1,4.0,6.4,8.3,106.1,119.0,0.316,0.316,12.4,9.5
Javon Freeman-Liberty,Tor,G,10.1,8.8,12.0,7.5,107.3,115.2,0.547,0.484,17.4,16.7
Javonte Green,Chi,G,19.7,12.8,20.2,5.9,131.5,108.1,0.681,0.667,16.7,8.5
Javonte Smart,Phi,G,0.0,0.0,0.0,0.0,0.0,0.0,0.0,0.0,0.0,0.0
Jaxson Hayes,Lal,C-F,7.3,4.8,7.8,6.0,128.1,102.4,0.718,0.72,12.5,19.7
Jay Huff,Den,C,1.7,1.3,1.8,6.7,0.0,0.0,0.724,0.7,14.9,6.1
Jaylen Brown,Bos,F,28.5,26.6,32.1,9.2,113.4,106.7,0.58,0.557,28.9,11.7
Jaylen Nowell,Det,G,10.0,8.3,10.8,6.9,115.9,119.9,0.585,0.565,20.5,7.9
Jaylin Williams,Okc,F,7.4,5.6,9.0,8.6,119.1,102.3,0.561,0.533,13.5,13.0
Jayson Tatum,Bos,F,35.0,31.8,39.9,11.5,120.6,107.6,0.604,0.552,30.2,11.6
Jeff Dowtin Jr.,Phi,G,6.0,6.6,8.3,8.7,141.0,117.1,0.689,0.681,13.0,12.1
Jeff Green,Hou,F,8.8,7.4,9.7,5.7,118.7,111.4,0.59,0.529,15.5,11.2
Jerami Grant,Por,F,24.5,23.8,27.3,7.0,113.1,116.6,0.573,0.516,25.7,12.0
Jeremiah Robinson-Earl,Nor,F,4.9,3.5,5.4,6.5,112.1,108.3,0.564,0.542,15.4,14.4
Jeremy Sochan,San,G,18.1,15.0,21.4,8.5,103.6,111.9,0.513,0.483,18.8,15.3
Jericho Sims,Nyk,C,5.3,2.6,5.9,4.9,136.3,108.5,0.702,0.691,6.0,22.4
Jermaine Samuels Jr.,Hou,F,2.4,1.6,2.6,5.9,148.0,108.4,0.672,0.643,10.5,0.0
Jerome Robinson,Gol,G,1.7,1.6,1.9,4.7,0.0,0.0,0.41,0.364,20.8,5.7
Jett Howard,Orl,G,2.0,1.9,2.3,6.2,0.0,0.0,0.457,0.45,22.9,9.0
Jevon Carter,Chi,G,5.8,6.3,7.1,5.0,101.3,114.6,0.485,0.484,17.7,9.0
Jimmy Butler,Mia,F,26.1,25.7,31.1,9.6,129.2,111.9,0.626,0.537,24.0,11.4
Jock Landale,Hou,C,8.0,6.1,9.1,7.7,124.7,107.9,0.584,0.539,14.8,13.1
Joe Harris,Det,G-F,3.3,3.1,3.9,4.0,102.4,113.0,0.489,0.487,11.0,9.3
Joe Ingles,Orl,F-G,6.4,7.3,9.4,7.0,119.1,107.3,0.612,0.59,11.6,22.8
Joel Embiid,Phi,C,45.7,40.3,51.3,15.3,124.0,104.8,0.644,0.561,39.6,15.0
John Collins,Uta,F,23.6,16.2,24.7,7.4,119.8,111.1,0.621,0.59,20.4,11.6
John Konchar,Mem,G,8.9,6.3,10.9,6.4,112.9,110.3,0.537,0.514,9.7,18.1
Johnny Davis,Was,G,4.5,3.7,5.1,4.4,98.4,115.6,0.462,0.448,12.2,7.8
Johnny Juzang,Uta,G,9.0,8.4,10.2,5.4,119.7,118.3,0.62,0.609,14.5,10.5
Jonas Valanciunas,Nor,C,21.0,14.3,23.1,10.4,122.8,101.1,0.619,0.585,20.8,13.4
Jonathan Isaac,Orl,F,11.3,7.3,11.8,6.3,123.7,104.4,0.61,0.584,16.7,8.6
Jonathan Kuminga,Gol,F,20.9,18.3,23.1,8.4,116.3,109.8,0.598,0.56,24.1,12.4
Jontay Porter,Tor,C-F,7.6,6.7,9.9,9.2,112.1,109.7,0.514,0.481,15.8,16.8
Jordan Clarkson,Uta,G,20.5,22.2,25.6,8.7,106.5,120.8,0.521,0.469,26.1,15.2
Jordan Ford,Sac,G,2.3,2.3,2.7,6.3,0.0,0.0,0.761,0.714,17.4,11.8
Jordan Goodwin,Mem,G,18.0,14.5,22.5,9.7,100.0,109.2,0.42,0.399,19.8,12.5
Jordan Hawkins,Nor,G,10.0,8.9,11.1,6.0,108.6,111.9,0.533,0.501,19.9,8.1
Jordan McLaughlin,Min,G,4.8,5.4,6.7,7.5,136.3,107.8,0.638,0.628,12.1,11.6
Jordan Miller,Lac,G,2.3,1.6,2.3,0.0,0.0,0.0,0.658,0.611,16.9,9.6
Jordan Nwora,Tor,F,11.4,9.2,12.6,8.4,104.8,114.6,0.573,0.541,22.3,15.9
Jordan Poole,Was,G,20.1,21.8,24.5,7.9,101.9,114.4,0.529,0.491,26.4,13.7
Jordan Walsh,Bos,G,3.9,2.2,4.4,5.6,105.4,97.8,0.472,0.467,9.8,16.5
Jose Alvarado,Nor,G,9.4,9.2,11.5,7.1,112.3,106.7,0.54,0.525,17.3,10.4
Josh Giddey,Okc,G,18.8,17.2,23.6,11.5,111.1,109.3,0.547,0.523,23.1,16.5
Josh Green,Dal,G,11.5,10.5,13.8,5.9,115.3,112.4,0.588,0.575,13.1,13.8
Josh Hart,Nyk,G,17.7,13.5,21.8,8.2,114.5,107.9,0.522,0.493,13.5,14.8
Josh Minott,Min,F,2.1,1.8,2.3,8.6,0.0,0.0,0.593,0.528,21.4,5.2
Josh Okogie,Pho,F,7.2,5.7,8.3,5.9,118.7,111.1,0.552,0.488,13.0,14.9
Josh Richardson,Mia,G,12.7,12.3,15.1,6.3,115.8,109.4,0.573,0.539,16.5,9.4
Joshua Primo,Lac,G,1.5,1.0,1.5,0.0,36.6,125.2,0.333,0.333,29.8,57.1
Jrue Holiday,Bos,G,17.9,17.3,22.7,8.4,121.0,110.7,0.597,0.581,16.3,15.2
Juan Toscano-Anderson,Sac,F,1.9,1.0,2.3,5.7,83.3,95.2,0.292,0.292,11.4,14.3
Jules Bernard,Was,G,5.3,4.7,6.1,8.3,108.6,115.5,0.544,0.539,21.4,11.1
Julian Champagnie,San,F,9.6,8.2,11.0,6.0,110.9,115.4,0.57,0.534,14.4,12.4
Julian Phillips,Chi,F,3.1,2.6,3.5,4.2,106.5,108.6,0.521,0.494,13.0,11.5
Julian Strawther,Den,G,5.8,5.5,6.7,6.2,99.0,107.5,0.482,0.462,20.7,9.4
Julius Randle,Nyk,F,33.2,28.9,38.1,11.7,112.8,107.2,0.569,0.518,29.9,16.0
Justin Champagnie,Was,G-F,9.5,7.2,10.7,7.6,110.2,116.7,0.526,0.494,17.0,11.3
Justin Holiday,Den,F-G,5.3,5.2,6.4,4.8,123.7,110.0,0.598,0.595,10.6,6.7
Justin Jackson,Min,F,0.0,0.0,0.0,0.0,0.0,0.0,0.0,0.0,0.0,0.0
Justin Minaya,Por,F,3.4,2.4,4.1,4.3,98.9,114.0,0.391,0.378,9.7,10.8
Jusuf Nurkic,Pho,C,21.9,14.9,25.9,11.5,113.4,99.8,0.559,0.528,19.1,21.8
KJ Martin,Phi,F,5.9,4.6,6.8,6.3,113.0,103.9,0.569,0.564,13.2,14.9
Kaiser Gates,Nor,F,1.0,0.0,1.0,0.0,0.0,118.9,0.0,0.0,23.5,0.0
Karl-Anthony Towns,Min,F,30.1,24.8,33.1,10.0,115.0,100.6,0.625,0.576,27.4,15.7
Kawhi Leonard,Lac,F,29.8,27.3,33.4,9.4,124.4,113.5,0.626,0.585,26.5,9.3
Keegan Murray,Sac,F,20.7,16.9,22.4,6.2,116.4,110.9,0.569,0.548,18.1,6.2
Keita Bates-Diop,Pho,F,7.1,5.3,7.9,5.7,115.2,112.5,0.525,0.493,13.0,8.0
Keldon Johnson,San,F,21.2,18.5,24.0,8.4,112.4,113.0,0.565,0.527,21.9,10.4
Kelly Olynyk,Tor,F-C,18.3,17.3,22.9,10.4,117.5,106.3,0.644,0.598,20.0,22.9
Kelly Oubre Jr.,Phi,F-G,20.4,16.9,21.9,6.5,108.5,108.0,0.535,0.498,22.4,9.0
Kendall Brown,Ind,G,1.7,1.7,2.1,4.8,119.0,112.3,0.567,0.533,13.8,11.6
Kenneth Lofton Jr.,Uta,F,18.8,18.5,23.5,12.2,138.7,113.6,0.69,0.657,21.1,14.5
Kenrich Williams,Okc,G-F,7.7,6.1,9.1,7.1,119.9,105.8,0.568,0.568,13.4,10.2
Kentavious Caldwell-Pope,Den,G,12.5,12.5,14.9,4.9,118.7,112.2,0.602,0.566,12.9,11.3
Kenyon Martin Jr.,Lac,F,6.5,5.5,7.0,4.0,86.1,108.9,0.46,0.45,18.0,16.4
Keon Ellis,Sac,G,7.6,6.9,9.1,6.1,121.7,106.1,0.627,0.612,12.4,13.7
Keon Johnson,Bro,G,7.6,6.8,8.2,5.6,110.2,111.8,0.59,0.476,22.1,18.9
Kessler Edwards,Sac,F,2.5,2.0,2.8,5.8,115.3,108.8,0.541,0.537,14.0,4.6
Kevin Durant,Pho,F,33.7,32.1,38.7,10.4,117.8,112.8,0.626,0.581,29.0,14.5
Kevin Huerter,Sac,G,13.7,12.8,16.3,7.4,115.9,110.2,0.564,0.553,17.3,8.6
Kevin Knox II,Det,F,9.6,7.9,10.4,5.1,109.1,114.0,0.57,0.546,16.6,10.6
Kevin Love,Mia,F,15.0,10.9,17.1,11.5,120.8,99.8,0.597,0.557,21.9,11.8
Kevon Harris,Orl,G,3.0,2.5,3.5,12.9,0.0,0.0,0.667,0.667,28.7,25.0
Kevon Looney,Gol,C,10.2,6.3,12.0,8.9,131.5,102.3,0.62,0.597,11.3,17.6
Keyontae Johnson,Okc,F,2.3,1.7,2.8,4.4,78.4,111.4,0.344,0.344,13.1,20.0
Keyonte George,Uta,G,15.8,17.4,20.2,8.0,104.6,121.0,0.533,0.482,22.8,18.7
Khris Middleton,Mil,F,19.7,20.4,25.0,10.7,115.4,108.3,0.595,0.566,23.9,16.5
Killian Hayes,Det,G,9.7,11.8,14.6,7.6,106.4,114.7,0.474,0.452,15.1,15.3
Kira Lewis Jr.,Uta,G,4.8,5.3,6.3,7.4,112.7,122.3,0.512,0.475,17.5,12.9
Klay Thompson,Gol,F,21.2,20.1,23.4,6.9,112.5,114.9,0.576,0.551,24.2,9.4
Kobe Brown,Lac,F,3.4,2.6,4.0,5.3,109.9,106.4,0.49,0.489,11.1,9.1
Kobe Bufkin,Atl,G,6.7,6.4,8.3,8.5,95.1,111.4,0.424,0.418,22.4,9.8
Kobi Simmons,Tor,G,6.8,8.0,9.8,7.1,115.6,112.3,0.476,0.476,13.9,4.5
Kris Dunn,Uta,G,8.3,9.3,12.1,8.3,115.7,111.3,0.546,0.535,13.6,20.1
Kris Murray,Por,F,9.7,7.4,11.0,5.6,101.9,114.7,0.481,0.463,14.1,13.1
Kristaps Porzingis,Bos,C,27.3,22.1,29.3,8.9,127.5,104.0,0.647,0.589,25.1,10.6
Kyle Anderson,Min,F-G,9.9,10.6,14.1,8.0,114.4,105.2,0.513,0.472,14.5,17.4
Kyle Kuzma,Was,F,28.8,26.4,33.1,10.4,103.6,116.4,0.547,0.521,29.7,12.8
Kyle Lowry,Mia,G,11.6,12.2,15.6,6.9,115.8,105.7,0.582,0.554,13.4,17.7
Kyrie Irving,Dal,G,30.6,30.8,35.8,10.0,122.0,113.1,0.608,0.573,28.1,8.6
LaMelo Ball,Cha,G,29.0,31.9,37.0,12.3,110.4,110.0,0.561,0.515,34.3,16.4
Lamar Stevens,Mem,F,16.6,12.6,17.6,7.0,105.3,109.7,0.512,0.474,22.5,7.1
Landry Shamet,Was,G,8.5,8.3,9.6,5.6,107.6,114.8,0.556,0.527,18.8,9.9
Larry Nance Jr.,Nor,F-C,10.8,7.6,12.6,7.6,130.3,105.6,0.653,0.629,11.3,16.9
Lauri Markkanen,Uta,F,31.4,25.2,33.4,8.8,127.5,116.9,0.631,0.578,25.0,8.0
LeBron James,Lal,F,33.0,34.0,41.3,13.1,119.7,113.4,0.63,0.599,29.1,16.1
Leaky Black,Cha,F,4.5,3.6,5.4,6.0,124.3,116.2,0.589,0.567,10.1,10.3
Leonard Miller,Min,F,2.9,2.2,3.4,13.0,0.0,0.0,0.694,0.7,18.5,4.7
Lester Quinones,Gol,G,6.4,5.4,7.4,7.6,112.3,108.0,0.533,0.511,18.2,10.7
Lindell Wigginton,Mil,G,2.0,2.0,2.0,0.0,0.0,0.0,0.51,0.4,39.1,15.5
Lindy Waters III,Okc,F,4.7,4.2,5.3,7.2,128.3,109.5,0.653,0.649,17.3,6.3
Lonnie Walker IV,Bro,G-F,11.9,11.0,13.2,7.0,105.8,112.7,0.545,0.528,24.4,9.4
Luguentz Dort,Okc,F,14.5,12.3,15.9,5.4,116.8,107.4,0.593,0.557,15.4,10.1
Luka Doncic,Dal,G,43.1,43.7,52.9,15.5,121.9,109.9,0.617,0.573,36.0,14.6
Luka Garza,Min,C,5.2,4.1,5.4,8.1,116.8,92.4,0.576,0.54,33.4,7.4
Luka Samanic,Uta,F,6.5,4.6,6.9,6.7,97.1,114.6,0.485,0.421,21.8,15.0
Luke Kennard,Mem,G,13.9,14.5,17.4,7.5,121.3,116.5,0.641,0.617,16.7,14.6
Luke Kornet,Bos,C-F,9.4,6.4,10.5,7.4,155.5,106.8,0.736,0.702,11.0,9.4
Malachi Flynn,Det,G,9.8,10.1,11.9,8.7,104.1,115.0,0.528,0.503,26.0,14.0
Malaki Branham,San,F,11.2,11.3,13.3,6.3,100.8,116.7,0.526,0.506,19.8,12.8
Malcolm Brogdon,Por,G,19.5,21.2,25.0,9.6,119.7,117.4,0.56,0.522,23.0,10.8
Malcolm Cazalon,Det,G,0.0,0.0,0.0,0.0,0.0,0.0,0.0,0.0,0.0,0.0
Malik Beasley,Mil,G,14.9,12.6,16.3,5.2,116.9,112.8,0.603,0.598,14.6,7.0
Malik Monk,Sac,G,18.4,20.6,23.5,9.4,113.1,111.4,0.564,0.526,25.9,14.4
Malik Williams,Tor,C,8.1,3.0,8.4,4.3,78.3,104.8,0.272,0.279,15.2,8.1
Mamadi Diakite,San,F,5.0,4.7,5.7,10.6,167.1,115.8,0.785,0.8,20.2,0.0
Maozinha Pereira,Mem,F,12.1,7.1,12.4,5.1,116.2,106.3,0.609,0.586,15.7,12.4
MarJon Beauchamp,Mil,F,6.5,5.0,7.1,5.6,111.1,110.2,0.592,0.578,14.6,14.0
Marcus Morris Sr.,Phi,F,9.6,7.4,10.3,5.6,112.2,108.1,0.559,0.527,16.3,8.5
Marcus Sasser,Det,G,10.0,11.6,13.3,7.7,108.3,115.3,0.542,0.516,19.9,14.9
Marcus Smart,Mem,G,17.1,18.8,21.4,7.3,100.1,108.8,0.552,0.519,23.0,20.7
Mark Williams,Cha,C,22.4,13.9,23.6,7.9,137.3,110.1,0.675,0.649,17.1,10.1
Markelle Fultz,Orl,G,11.0,10.6,13.8,7.8,105.7,107.4,0.492,0.479,18.8,13.3
Markieff Morris,Dal,F,4.0,3.2,4.7,6.3,92.3,112.7,0.467,0.449,16.4,14.9
Markquis Nowell,Tor,G,4.0,4.0,6.0,22.9,0.0,0.0,0.532,0.0,22.9,0.0
Marques Bolden,Cha,C,7.7,4.6,8.1,5.5,135.1,113.8,0.691,0.68,11.1,10.6
Marvin Bagley III,Was,F,21.3,14.4,22.5,8.4,122.6,115.0,0.622,0.599,20.9,11.7
Mason Jones,Sac,G,2.4,2.4,3.4,8.1,92.9,106.6,0.394,0.375,16.8,19.6
Mason Plumlee,Lac,F-C,10.4,6.5,11.6,8.7,124.1,104.9,0.621,0.569,15.1,19.0
Matisse Thybulle,Por,F,7.5,6.8,8.9,4.4,110.5,114.0,0.537,0.524,10.6,11.2
Matt Hurt,Mem,F,6.0,4.5,6.5,4.5,103.8,113.7,0.453,0.426,14.2,5.5
Matt Ryan,Nor,F,6.9,6.1,7.5,4.8,113.5,110.2,0.638,0.615,15.4,14.3
Max Christie,Lal,G,6.4,5.1,7.3,5.7,105.0,112.5,0.544,0.515,13.5,12.7
Max Strus,Cle,F,17.0,16.2,21.1,7.7,111.8,108.8,0.553,0.533,17.4,13.3
Maxi Kleber,Dal,C,7.8,6.0,9.3,5.6,118.1,109.9,0.573,0.541,9.6,16.1
Maxwell Lewis,Lal,F,0.4,0.5,0.6,2.4,0.0,0.0,0.246,0.214,13.6,32.0
Micah Potter,Uta,C,6.0,3.7,6.4,5.3,121.5,115.0,0.609,0.588,10.9,11.0
Michael Porter Jr.,Den,F,23.7,18.2,25.2,7.1,117.0,110.7,0.601,0.586,20.7,7.9
Mikal Bridges,Bro,F,24.1,23.2,27.8,7.8,111.8,116.5,0.56,0.521,24.2,11.2
Mike Conley,Min,G,14.3,17.3,20.2,8.0,129.3,107.9,0.626,0.595,16.0,13.7
Mike Muscala,Was,F-C,7.1,4.9,8.0,6.6,100.3,114.4,0.481,0.444,14.3,15.0
Miles Bridges,Cha,F,28.3,24.3,31.7,8.5,108.5,117.9,0.556,0.527,24.7,10.2
Miles McBride,Nyk,G,9.7,9.9,11.4,5.7,126.2,109.6,0.59,0.572,16.4,6.2
Mitchell Robinson,Nyk,C,14.1,6.2,14.6,4.9,122.6,106.8,0.554,0.575,10.2,17.0
Mo Bamba,Phi,C,8.6,5.2,9.3,7.2,114.9,100.6,0.575,0.553,15.1,16.4
Monte Morris,Min,G,6.7,7.3,9.0,7.2,124.8,110.1,0.537,0.521,14.4,4.0
Moritz Wagner,Orl,F-C,15.2,12.1,16.4,8.7,125.7,102.2,0.677,0.637,22.8,15.0
Moses Brown,Por,C,7.3,3.7,7.6,7.0,101.5,103.5,0.477,0.508,19.1,14.4
Moses Moody,Gol,G,11.0,8.9,11.9,6.4,116.4,110.9,0.578,0.548,18.4,9.5
Mouhamadou Gueye,Tor,F,4.5,2.8,4.9,5.0,67.2,110.1,0.31,0.289,19.2,23.9
Mouhamed Gueye,Atl,F,7.7,4.7,8.3,7.2,118.1,100.3,0.468,0.413,15.2,4.1
Moussa Diabate,Lac,F,4.9,3.0,5.3,9.2,135.9,109.5,0.576,0.526,18.6,9.4
Myles Turner,Ind,C,24.0,18.4,25.3,7.9,119.7,109.7,0.626,0.587,23.4,10.7
Naji Marshall,Nor,F,10.7,9.0,12.6,7.7,114.4,108.0,0.576,0.542,16.3,15.0
Nassir Little,Pho,F-G,5.0,3.8,5.5,5.6,114.0,109.8,0.572,0.544,13.9,10.1
Nate Hinton,Hou,G-F,3.7,2.9,4.3,10.6,127.0,98.8,0.585,0.558,17.8,10.2
Nate Williams,Hou,G,3.9,3.2,4.2,6.5,117.7,110.7,0.565,0.56,19.6,7.4
Nathan Mensah,Cha,C,3.9,1.7,4.3,3.6,103.3,100.9,0.496,0.429,6.8,33.1
Naz Reid,Min,C-F,18.7,14.8,20.0,7.4,110.9,102.2,0.595,0.576,23.1,11.5
Neemias Queta,Bos,C,9.9,6.2,10.6,8.6,137.6,96.1,0.662,0.644,16.9,11.1
Nic Claxton,Bro,C,21.8,13.9,23.9,8.4,123.5,108.0,0.629,0.63,15.6,13.8
Nick Richards,Cha,C,17.8,10.5,18.6,6.0,133.8,111.1,0.717,0.691,13.3,16.2
Nick Smith Jr.,Cha,G,7.3,7.1,8.5,6.0,98.8,118.0,0.511,0.5,20.3,11.9
Nickeil Alexander-Walker,Min,F,10.0,10.5,12.5,5.8,115.3,106.9,0.578,0.56,14.8,12.4
Nicolas Batum,Phi,G-F,9.7,7.6,11.9,5.7,126.1,111.2,0.606,0.599,8.7,13.6
Nikola Jokic,Den,C,38.8,35.4,47.7,16.6,130.7,104.8,0.65,0.612,29.3,14.4
Nikola Jovic,Mia,F,11.8,9.6,13.8,8.2,113.2,103.9,0.583,0.568,17.1,13.0
Nikola Vucevic,Chi,C,28.6,21.4,31.9,10.0,113.5,110.2,0.541,0.522,23.3,9.1
Noah Clowney,Bro,F,9.3,6.6,10.1,6.3,121.4,112.5,0.626,0.602,14.2,13.8
Norman Powell,Lac,G,16.5,15.0,17.5,5.2,120.3,113.6,0.626,0.594,20.0,7.9
OG Anunoby,Tor,F,19.1,17.8,21.7,6.6,112.6,116.2,0.598,0.584,18.2,11.8
Obi Toppin,Ind,F,14.2,11.9,15.8,7.6,128.8,114.4,0.677,0.661,16.8,10.6
Ochai Agbaji,Tor,G,10.0,8.0,11.4,5.2,94.6,115.2,0.453,0.432,15.4,14.0
Olivier Sarr,Okc,C,4.7,2.4,4.8,5.0,135.0,94.2,0.664,0.632,12.6,13.5
Olivier-Maxence Prosper,Dal,F,5.0,3.6,5.6,7.3,113.0,112.4,0.496,0.447,16.6,7.1
Omer Yurtseven,Uta,C,9.0,5.2,9.6,8.0,110.1,111.2,0.565,0.552,17.9,16.7
Onuralp Bitim,Chi,F,4.9,4.0,5.4,4.9,94.3,112.9,0.464,0.452,15.8,10.6
Onyeka Okongwu,Atl,F-C,17.0,11.5,18.4,7.0,135.9,110.2,0.674,0.642,13.7,11.0
Orlando Robinson,Mia,C,5.1,3.7,6.0,8.6,119.9,101.6,0.596,0.556,14.8,19.9
Oscar Tshiebwe,Ind,F-C,5.3,3.5,5.5,9.7,131.4,112.8,0.553,0.5,23.5,0.0
Oshae Brissett,Bos,F-G,6.6,4.5,7.4,7.1,120.4,105.4,0.53,0.493,14.5,11.5
Otto Porter Jr.,Tor,F,4.5,3.1,5.1,4.7,122.1,110.7,0.568,0.545,8.9,5.6
Ousmane Dieng,Okc,F,5.6,5.2,6.7,6.8,107.4,111.9,0.54,0.513,16.9,14.0
P.J. Tucker,Phi,F,6.7,2.0,6.7,0.0,87.1,100.6,0.6,0.6,4.6,28.6
P.J. Washington,Cha,F,18.9,15.8,21.1,7.4,106.2,113.7,0.545,0.524,21.2,11.5
Paolo Banchero,Orl,F,29.5,27.9,34.9,10.8,108.9,108.6,0.546,0.497,29.7,14.9
Pascal Siakam,Tor,F,28.5,27.0,33.3,10.1,118.5,115.6,0.6,0.559,25.3,11.8
Pat Connaughton,Mil,G,8.8,7.8,10.9,6.0,120.4,113.7,0.574,0.553,10.8,12.4
Pat Spencer,Gol,G,1.3,1.5,2.2,6.8,127.5,118.6,0.5,0.5,8.2,20.0
Patrick Baldwin,Was,F,7.7,5.2,8.4,6.9,100.5,109.2,0.504,0.481,15.9,10.9
Patrick Beverley,Phi,G,9.3,9.3,12.4,8.0,114.7,109.0,0.547,0.504,14.9,16.9
Patrick Williams,Chi,F,13.8,11.5,15.4,5.7,107.2,112.8,0.553,0.525,16.6,13.7
Patty Mills,Mia,G,7.0,7.4,8.5,5.3,96.3,108.4,0.448,0.406,19.4,9.0
Paul George,Lac,G,27.8,26.1,31.4,8.8,118.7,109.4,0.613,0.569,26.6,11.0
Paul Reed,Phi,F,13.3,8.6,14.6,7.9,121.5,102.2,0.58,0.561,15.9,12.2
Payton Pritchard,Bos,G,12.8,13.0,16.3,8.4,128.8,110.5,0.597,0.583,17.2,8.8
Pete Nance,Cle,F,0.8,0.4,0.8,0.0,0.0,0.0,0.218,0.25,12.7,14.3
Peyton Watson,Den,G,9.9,7.7,11.0,6.2,107.8,106.9,0.538,0.515,16.2,11.5
Precious Achiuwa,Tor,F,13.2,9.5,14.9,9.6,105.9,110.2,0.512,0.497,21.2,14.6
Quentin Grimes,Nyk,G,9.2,8.4,10.4,5.1,115.2,110.1,0.543,0.53,15.3,6.8
Quenton Jackson,Ind,G,2.0,1.3,2.7,9.8,0.0,0.0,0.532,0.0,7.5,0.0
R.J. Hampton,Mia,G,2.0,2.3,3.0,4.3,84.6,107.8,0.336,0.321,10.5,17.4
RJ Barrett,Tor,F,28.1,25.8,32.2,9.9,114.2,113.9,0.614,0.599,25.7,13.8
RaiQuan Gray,San,F,10.0,9.7,12.0,10.1,135.5,121.0,0.676,0.676,19.5,5.6
Rayan Rupert,Por,G-F,6.3,5.6,7.9,6.1,97.6,113.5,0.451,0.422,13.6,16.1
Reggie Bullock Jr.,Hou,G-F,3.8,2.5,4.2,4.4,111.8,109.4,0.582,0.579,9.4,10.8
Reggie Jackson,Den,G,12.0,13.9,15.8,7.6,108.7,111.0,0.521,0.499,21.7,12.3
Richaun Holmes,Was,F,13.2,7.7,13.8,6.3,123.5,108.3,0.608,0.563,14.8,12.0
Ricky Council IV,Phi,G,6.8,5.9,7.3,6.9,129.0,112.9,0.604,0.536,22.2,4.3
Robert Covington,Phi,F,8.0,5.2,8.6,5.5,124.0,102.3,0.593,0.545,11.4,11.0
Robert Williams III,Por,C-F,13.2,7.7,14.0,6.6,120.7,101.1,0.684,0.654,13.2,21.0
Robin Lopez,Mil,C,1.4,1.4,1.7,4.6,100.1,111.0,0.453,0.421,14.6,9.3
Ron Harper Jr.,Tor,F,0.0,1.0,1.0,0.0,0.0,0.0,0.0,0.0,0.0,0.0
Royce O'Neale,Pho,F,13.3,10.9,16.1,7.7,118.6,109.1,0.555,0.549,13.9,9.3
Rudy Gobert,Min,C,26.9,15.3,28.2,7.2,130.4,99.7,0.675,0.661,15.4,16.1
Rui Hachimura,Lal,F,17.9,14.8,19.1,6.2,121.6,113.1,0.629,0.61,18.4,6.4
Russell Westbrook,Lac,G,16.1,15.6,20.6,11.2,106.8,108.6,0.514,0.486,25.2,17.8
Ryan Arcidiacono,Nyk,G,0.4,0.2,0.6,0.0,0.0,0.0,0.0,0.0,7.6,25.0
Ryan Rollins,Was,G,5.2,5.2,6.3,10.3,115.2,107.6,0.631,0.56,25.2,21.6
Saben Lee,Pho,G,4.3,4.2,5.5,8.9,114.7,110.9,0.492,0.382,18.8,12.6
Saddiq Bey,Atl,F,20.2,15.2,21.7,6.3,119.3,119.1,0.549,0.497,17.0,7.2
Sam Hauser,Bos,F,12.5,10.1,13.5,5.7,126.2,109.7,0.629,0.623,15.0,5.4
Sam Merrill,Cle,G,9.9,9.7,11.7,7.0,124.8,111.4,0.598,0.584,17.5,4.6
Sandro Mamukelashvili,San,F-C,7.3,5.2,8.4,9.9,119.1,110.7,0.562,0.536,17.5,10.4
Santi Aldama,Mem,F-C,16.5,13.0,18.8,7.9,108.6,112.0,0.539,0.528,17.9,10.8
Sasha Vezenkov,Sac,F,7.6,5.8,8.1,6.0,116.2,109.8,0.569,0.558,17.5,5.9
Scoot Henderson,Por,G,17.1,19.4,22.5,8.7,96.9,111.3,0.489,0.44,26.5,21.0
Scottie Barnes,Tor,F-G,28.1,25.9,34.2,11.4,113.6,114.9,0.566,0.528,24.8,14.9
Scotty Pippen Jr.,Mem,G,16.1,17.6,20.8,9.2,110.2,105.6,0.596,0.567,23.1,21.6
Seth Curry,Cha,G,11.0,10.8,12.8,6.4,114.3,120.3,0.56,0.517,19.3,7.8
Seth Lundy,Atl,G,2.3,1.6,2.3,0.0,81.8,112.7,0.373,0.324,15.8,5.5
Shaedon Sharpe,Por,G,20.9,18.9,23.9,7.4,104.7,113.5,0.524,0.475,22.4,14.2
Shai Gilgeous-Alexander,Okc,G,35.6,36.3,41.8,11.9,128.6,107.7,0.636,0.567,32.9,9.8
Shake Milton,Det,G-F,11.3,8.3,12.8,9.1,107.4,116.2,0.494,0.481,20.5,10.2
Shaquille Harrison,Mem,G,1.3,0.7,1.3,0.0,0.0,0.0,0.5,0.5,14.3,0.0
Sidy Cissoko,San,G,5.6,4.6,6.4,6.0,123.3,106.6,0.568,0.5,12.8,8.3
Simone Fontecchio,Det,F,19.8,17.2,21.6,6.5,118.1,116.5,0.613,0.592,19.2,8.2
Skylar Mays,Por,G,8.1,9.9,11.7,8.1,106.8,116.8,0.457,0.435,19.5,11.5
Spencer Dinwiddie,Bro,G,15.9,18.6,21.9,8.2,118.6,115.2,0.53,0.48,18.6,11.0
Stanley Umude,Det,G,7.4,5.8,7.9,5.5,119.5,108.3,0.647,0.583,15.6,14.2
Stephen Curry,Gol,G,30.9,31.6,36.0,10.4,118.9,114.9,0.616,0.573,31.3,12.7
Svi Mykhailiuk,Bos,G-F,5.2,4.8,6.0,6.5,119.1,111.8,0.575,0.569,16.1,8.0
T.J. McConnell,Ind,G,12.9,15.7,18.4,11.7,120.6,115.5,0.586,0.572,23.6,15.4
T.J. Warren,Min,F,5.7,4.5,6.5,6.4,102.5,103.4,0.479,0.463,16.6,8.8
Taj Gibson,Det,F,6.8,5.0,7.3,7.1,135.4,113.2,0.643,0.643,15.3,0.0
Talen Horton-Tucker,Uta,G,12.5,13.6,16.0,8.9,108.3,113.9,0.503,0.46,24.0,12.3
Tari Eason,Hou,F,16.7,11.0,18.0,8.0,110.5,101.2,0.528,0.513,19.8,9.6
Taurean Prince,Lal,F,11.9,10.5,13.4,5.0,107.8,112.2,0.579,0.566,13.8,11.3
Taylor Hendricks,Uta,F,11.9,8.1,12.7,5.6,115.8,113.2,0.578,0.56,13.7,10.1
Taze Moore,Por,G,6.5,5.8,7.8,9.0,97.2,110.7,0.453,0.447,24.2,13.5
Terance Mann,Lac,G-F,12.2,10.4,13.7,5.8,126.6,112.6,0.615,0.587,13.6,8.9
Terquavion Smith,Phi,G,3.5,4.0,4.3,7.0,103.4,107.0,0.539,0.533,28.2,13.1
Terry Rozier,Cha,G,27.1,29.8,33.7,9.5,116.2,119.5,0.574,0.535,27.8,10.6
Terry Taylor,Chi,F,2.7,1.8,3.0,5.3,116.2,111.2,0.558,0.538,11.3,15.1
Thaddeus Young,Tor,F,8.2,7.1,10.4,8.7,131.5,109.5,0.618,0.626,12.6,11.2
Thanasis Antetokounmpo,Mil,F,1.3,1.4,1.8,4.9,92.0,104.1,0.518,0.533,12.5,31.8
Theo Maledon,Cha,G,5.9,6.3,8.1,6.6,82.5,114.4,0.379,0.326,19.1,18.4
Thomas Bryant,Mia,C-F,9.4,6.3,10.0,8.0,124.5,101.6,0.639,0.591,19.3,12.3
Tim Hardaway Jr.,Dal,G-F,17.6,16.2,19.4,6.5,109.4,115.0,0.542,0.51,22.6,6.6
Timmy Allen,Mem,F,6.0,3.6,7.0,3.3,72.5,103.9,0.272,0.261,8.9,7.9
Tobias Harris,Phi,F,23.7,20.3,26.8,8.3,118.0,112.4,0.576,0.535,20.7,8.9
Torrey Craig,Chi,F,9.8,6.8,10.9,6.0,118.0,108.4,0.568,0.55,12.5,11.3
Tosan Evbuomwan,Det,F,10.5,7.8,11.3,4.8,127.9,116.7,0.679,0.661,10.9,12.4
Toumani Camara,Por,F,12.4,8.8,13.7,5.7,109.0,110.7,0.547,0.516,13.8,16.1
Trae Young,Atl,G,28.5,36.5,39.3,10.2,117.4,118.3,0.585,0.516,30.5,18.9
Trayce Jackson-Davis,Gol,F,13.0,9.1,14.2,8.7,134.3,107.4,0.692,0.702,16.4,12.9
Tre Jones,San,G,13.8,16.2,20.0,8.9,122.9,116.3,0.59,0.557,15.2,16.1
Tre Mann,Cha,G,16.4,17.1,21.5,8.4,109.8,116.6,0.552,0.524,18.2,16.9
Trendon Watford,Bro,F,9.9,8.1,11.2,8.9,114.8,105.3,0.611,0.571,21.1,16.8
Trent Forrest,Atl,G,3.5,4.6,5.9,7.0,109.0,117.6,0.426,0.389,11.8,18.1
Trevelin Queen,Orl,G,4.3,4.1,5.6,5.9,101.1,105.1,0.462,0.408,13.3,15.4
Trey Jemison,Mem,C,13.3,8.6,14.4,6.0,110.6,106.5,0.582,0.551,13.6,20.0
Trey Lyles,Sac,F,11.7,8.5,12.9,6.7,119.9,111.2,0.596,0.576,14.4,10.6
Trey Murphy III,Nor,F,19.7,16.9,21.9,7.3,126.5,112.2,0.612,0.579,18.6,5.2
Tristan Thompson,Cle,C-F,6.8,4.3,7.9,8.1,118.1,103.8,0.567,0.613,13.7,19.6
Tristan Vukcevic,Was,F,12.1,9.8,13.4,8.9,106.2,102.5,0.554,0.507,23.8,12.9
Troy Brown Jr.,Min,G-F,6.1,5.1,7.1,7.0,117.8,106.8,0.603,0.572,15.7,13.2
Ty Jerome,Cle,G-F,2.5,3.5,4.0,6.2,110.9,107.5,0.5,0.5,14.9,20.0
TyTy Washington Jr.,Mil,G,1.7,1.7,2.2,5.4,80.6,117.4,0.35,0.35,17.0,9.1
Tyler Herro,Mia,G,26.1,25.3,30.6,9.5,108.2,110.7,0.558,0.531,27.8,11.2
Tyrese Haliburton,Ind,G,24.1,31.0,35.0,11.8,128.2,120.0,0.605,0.57,24.6,13.2
Tyrese Maxey,Phi,G,29.6,32.1,35.8,9.0,120.9,113.9,0.573,0.524,28.0,7.6
Tyus Jones,Was,G,14.7,19.3,22.0,8.4,126.2,122.7,0.578,0.569,16.3,9.0
Udoka Azubuike,Pho,C-F,4.2,2.4,4.4,5.4,117.4,101.7,0.609,0.696,12.6,14.8
Usman Garuba,Gol,F,1.7,0.7,1.8,6.6,0.0,0.0,0.218,0.167,21.0,24.3
Vasilije Micic,Cha,G,12.9,17.0,19.1,7.6,107.1,119.8,0.532,0.495,20.3,20.0
Victor Wembanyama,San,F,32.1,25.3,35.9,12.9,104.1,107.9,0.565,0.519,32.2,18.0
Vince Williams Jr.,Mem,G,15.6,13.4,19.0,8.3,114.3,107.6,0.597,0.55,15.8,19.5
Vit Krejci,Atl,G,8.5,8.4,10.8,5.3,121.6,115.3,0.633,0.625,9.7,16.1
Walker Kessler,Uta,C,15.6,9.0,16.5,6.5,125.2,112.5,0.663,0.66,12.8,15.9
Wendell Carter Jr.,Orl,C,17.9,12.7,19.6,7.9,121.8,104.5,0.623,0.6,17.2,13.8
Wendell Moore Jr.,Min,G,1.2,1.0,1.4,5.5,0.0,0.0,0.5,0.5,12.9,18.2
Wenyen Gabriel,Mem,F,8.4,4.0,9.0,5.4,67.5,102.9,0.351,0.386,17.1,26.7
Wesley Matthews,Atl,G,4.5,3.7,5.2,4.9,111.9,111.8,0.511,0.474,11.7,7.6
Xavier Moon,Lac,G,3.6,3.9,5.1,7.9,94.7,113.8,0.352,0.348,19.1,9.8
Xavier Tillman,Mem,C,10.6,7.7,12.3,7.0,97.8,107.4,0.44,0.437,16.0,12.0
Yuta Watanabe,Pho,G-F,5.1,3.9,5.4,3.6,96.2,110.6,0.502,0.485,13.6,14.1
Zach Collins,San,C,16.6,14.1,19.4,10.0,107.7,105.7,0.565,0.531,22.6,17.6
Zach LaVine,Chi,G,24.6,23.4,28.5,8.4,113.3,113.4,0.578,0.531,23.8,12.1
Zavier Simpson,Mem,G,8.9,9.6,12.4,6.9,86.6,111.8,0.377,0.361,17.5,15.5
Zeke Nnaji,Den,F-C,5.4,3.8,5.9,6.5,112.1,102.7,0.528,0.483,15.4,15.3
Ziaire Williams,Mem,F,11.8,9.7,13.2,6.9,98.6,109.6,0.511,0.474,19.7,14.9
Zion Williamson,Nor,F,28.7,27.9,33.7,11.1,118.8,108.8,0.61,0.573,29.7,15.0
